250 Alabama Hwy 75 N,Albertville,AL,35950
61 Jefferson Street,Alexander City,AL,35010
101 Memorial Parkway,Aliceville,AL,35442
35771 US Hwy 231,Ashville,AL,35953
"Dolive St, Highway 31, S",Bay Minette,AL,36507
17884 Hwy 18 East,Berry,AL,35546
1697 Tuscaloosa Ave Sw,Birmingham,AL,35211
2500 29TH Avenue North,Birmingham,AL,35207
3314 Clairmont Ave,Birmingham,AL,35222
6501 1St Ave North,Birmingham,AL,35206
10339 Alabama Hwy 168,Boaz,AL,35957
Hwy 25 Brent Shopping Cntr,Brent,AL,35034
553 North Main St.,Brundidge,AL,36010
300 W Pushmataha,Butler,AL,36904
16 Camden By-Pass,Camden,AL,36726
3800 Hwy 9,Cedar Bluff,AL,35959
3201 County Rd 200,Central Heights,AL,35633
8075 Highway 72 West,Cherokee,AL,35616
"1070 1St St, Nw",Childersburg,AL,35044
6730 Deerfoot Parkway,Clay,AL,35048
594 S Valley Rd,Collinsville,AL,35961
119 East Church Street,Columbia,AL,363219
211 W College St,Columbiana,AL,35051
79 Mill Street,Cordova,AL,35550
4933 Alabama Hwy 157,Cullman,AL,35058
2221 US HWY 78,Dora,AL,35062
1140 Montgomery Hwy,Dothan,AL,36303
767 West Selma Street,Dothan,AL,36301
201 Forrest Ave,East Brewton,AL,36426
515 Kowaliga Rd,Eclectic,AL,36024
25460 Highway 127,Elkmont,AL,35620
1020 Geneva Highway,Enterprise,AL,36330
120 Broad St,Eufaula,AL,36027
1451 S. Eufaula Avenue,Eufaula,AL,36027
131 Greenboro St,Eutaw,AL,35462
100 Plantation Pointe,Fairhope,AL,36532
981 Second Street,Florala,AL,36442
7401 Highway 43,Florence,AL,35634
1200 South McKenzie Street,Foley,AL,36535
1619 Forestdale Blvd,Forestdale,AL,35214
1400 West Maple Avenue,Geneva,AL,36340
116 Melvin Road,Gilbertown,AL,36908
470 S Main St.,Goodwater,AL,35072
841 Industrial Park Blvd,Gordo,AL,35466
115 Main St,Greensboro,AL,36744
205 Cedar Street,Greenville,AL,36037
7270 Us Hwy 43,Guin,AL,35563
1455 Sunset Dr,Guntersville,AL,35976
6022 Hwy 72 East,Gurley,AL,35748
1009 19Th St,Haleyville,AL,35565
304 W Main Street,Hartford,AL,36344
800 Ross St,Heflin,AL,36264
5700 Hwy 278 E,Hokes Bluff,AL,35903
3000 Montgomery Highway,Homewood,AL,35209
770 Shades Mountain Plaza,Hoover,AL,35226
104 River Square Plaza,Hueytown,AL,35023
24716 Us Hwy 31 Cobb Plaza,Jemison,AL,35085
337 9th Ave S.W,Lafayette,AL,36862
620 Cherry Valley Shpg Ctr,Lanett,AL,36863
88985 Hwy 9,Lineville,AL,36266
1087 North Hickory Street,Loxley,AL,36527
4750 Eastern Valley Road,McCalla,AL,35111
32 Phillips Dr,Midfield,AL,35228
12205 Highway 96,Millport,AL,35576
2204 Halls Mill Road,Mobile,AL,36606
918 S.A. Ave,Monroeville,AL,36460
"4563 Hwy 25, E",Montevallo,AL,35115
15 West Fairview Ave,Montgomery,AL,36105
3800 River Run Drive,Mountain Brook,AL,35243
10199 Highway 431,New Hope,AL,35760
2001 Lurleen Wallace Blvd Ste 2,Northport,AL,35476
100 A Council Drive,Odenville,AL,35120
1515 2nd Avenue Suite A,Opelika,AL,36801
1130 Hwy 280 Bypass,Phenix City,AL,36867
1837 Stadium Drive,Phenix City,AL,36867
3745 Us Hwy 80 W,Phenix City,AL,36867
512 13Th Street,Phenix City,AL,36867
3265 Broad St,Phil Campbell,AL,35565
518 Fourth Ave South,Red Bay,AL,35582
1115 Main St,Roanoke,AL,36274
101 County Park Rd,Scottsboro,AL,35768
87354 Highway 278 East,Snead,AL,35952
5635 Hwy 278,Sulligent,AL,35586
1244 N Talladega Highway,Sylacauga,AL,35150
1351 N. Fort Williams St.,Sylacauga,AL,35150
308 E St North,Talladega,AL,35160
320 W Battle St,Talladega,AL,35160
1235 Highway 231,Troy,AL,36081
710 North Three Notch Street,Troy,AL,36081
1503 Culver Road,Tuscaloosa,AL,35401
1721 Greensboro Avenue,Tuscaloosa,AL,35401
2731 University Blvd,Tuscaloosa,AL,35404
202 A South Elm,Tuskegee,AL,36083
205 E Conecuh,Union Springs,AL,36726
Hwy 61 & Water Street,Uniontown,AL,36786
415 Caldwell Dr,Warrior,AL,35180
9985 Holtville Road,Wetumpka,AL,36092
6998 U.S. Highway 80,White Hall,AL,36040
102 E Main St,Dewitt,AR,72042
358 Highway 65 South,Dumas,AR,71639
1307 N Lincoln Ave,Star City,AR,71667
130 Avenue E,Apalachicola,FL,32320
20118 Central Ave. W. Ste 1,Blountstown,FL,32424
911 N. Waukesha St,Bonifay,FL,32425
"11325 NW State, Road 20",Bristol,FL,70582
1264 Church Avenue,Chipley,FL,32428
1814 Highway 90 West,DeFuniak Springs,FL,32435
18917 Highway 231,Fountain,FL,32438
5355 Cotton Street,Graceville,FL,32440
251 Mary Esther Blvd,Mary Esther,FL,32569
9447 Highway 87 South,Milton,FL,32583
575 South Jefferson Street,Monticello,FL,32344
8012 Highway 2301,Panama City,FL,32404
1350 15th Street,Panama City,FL,32401
125 W Hwy 98,Port St. Joe,FL,32456
18680 Bluestar HWY,Quincy,FL,32351
8166 Highway 90,Sneads,FL,32460
244 Franklin Boulevard,St George Island,FL,32328
11204 N Florida Hwy 97,Walnut Hill,FL,32568
337 East Main Street,Abbeville,GA,31010
714 W 4th Street,Adel,GA,31620
215 E Monroe St,Ashburn,GA,31714
484 North Avenue,Athens,GA,30601
1257 Moreland Ave,Atlanta,GA,30316
230 Cleveland Avenue,Atlanta,GA,30315
3222 Highway 84 West,Blackshear,GA,31516
113 North Main Street,Blakley,GA,39823
136 Louvorn Ave,Bowdon,GA,30108
368 Carrollton Street,Buchanan,GA,30113
53 South Broad Street,Butler,GA,31006
1150 US Highway 84,Cairo,GA,39827
444 Red Bud Road,Calhoun,GA,30701
3759 Victory Dirve Suite 14,Columbus,GA,31903
3846 St Marys Rd,Columbus,GA,31906
4916 River Rd,Columbus,GA,31904
910 Brown Ave,Columbus,GA,31906
1807 S Lumpkin Rd,Columbus,GA,31903
5850 Moon Rd,Columbus,GA,31909
1359 13th Street,Columbus,GA,31901
2424 Woodruff Farm Road,Columbus,GA,31907
1191 West Ave,Conyers,GA,30012
Southside Plaza Hwy 27 S,Cuthbert,GA,39840
5214 US Hwy 17,Darien,GA,31305
433 Roundtree Drive,Dawson,GA,39842
7110 A Hwy 441 N,Dillard,GA,30537
140 East Broad Street,Doerun,GA,31744
1000 South Tennille Ave,Donalsonville,GA,39845
508 Bellevue Ave,Dublin,GA,31021
3100 Washington Road,East Point,GA,30324
215 5th Avenue,Eastman,GA,31023
228 North Jefferson Street,Eatonton,GA,31024
8524 Highway 280E,Ellabell,GA,31308
65 east Oglethorpe Street,Ellaville,GA,31806
200 Industrial Blvd,Ellijay,GA,30540
4769 Jonesboro Road,Forest Park,GA,30297
241 E Court Square,Franklin,GA,30217
2988 Gillsville Highway,Gainesville,GA,30507
123 Main St. / Box 7,Gordon,GA,31031
567 S Talbotton St,Greenville,GA,30222
32 South Tallahasse,Hazlehurst,GA,31539
208 Hwy 29,Hogansville,GA,30230
1010 E Third St,Jackson,GA,30233
415 Lee Street,Jefferson,GA,30549
59 Magnolia Street,Jeffersonville,GA,31044
511 S Greenwood St,Lagrange,GA,30240
1861 Roanoke Road,Lagrange,GA,30240
3142 Maple Road,Lindale,GA,30147
1425 Rocky Creek Road,Macon,GA,31206
412 W Main St,Manchester,GA,31816
48 E Oak St,Mcrae,GA,31055
731 S Wayne St / Box 1048,Milledgeville,GA,31061
1310 N Columbia Street,Milledgeville,GA,31061
Highway 301 North,Nahunta,GA,31553
101 S Macon St,Oglethorpe,GA,31068
303 W Railroad Ave.,Pelham,GA,31779
100 Piggly Wiggly Way,Richland,GA,31825
490 East Crusselle St,Roberta,GA,31078
631 E Franklin St,Sylvester,GA,31791
2310 Us Hwy 78,Tallapoosa,GA,30176
301 N Center St,Thomaston,GA,30286
15759 US Highway 17,Townsend,GA,31331
Us Hwy 42 South,Unadilla,GA,31091
207 N 3Rd St,Vienna,GA,31092
823 N Houston Road,Warner Robins,GA,31093
441 Legion Drive,Warrenton,GA,30828
214 W Trilby St,Wrightsville,GA,31096
402 N Main St,Franklin,KY,42134
130 N Main Street,Hopkinsville,KY,42240
407 Bethel Shopping Center,Russellville,KY,42276
3873 Choctaw Dr.,Baton Rouge,LA,70805
105 Chevy Lane,Bunkie,LA,71322
2300 Cecilia Senior High School Hwy,Cecilia,LA,70521
5308 Highway 56,Chauvin,LA,70344
142 E Plaquemine,Church Point,LA,70525
18150 HWY 190 East,Hammond,LA,70401
1728 Main St,Haynesville,LA,71038
402 N Second St,Homer,LA,71040
345 W Railroad Avenue,Independence,LA,70443
1326 N Cutting Ave,Jennings,LA,70546
608 E Veterans Memorial Dr,Kaplan,LA,70548
2695 Jean Lafitte Blvd,Lafitte,LA,70067
207 Covington St,Madisonville,LA,70447
1705 Poinciana,Mamou,LA,70554
8410 Hwy 182 North,Opelousas,LA,70570
302 E Mary Lee St,Plain Dealing,LA,71064
702 S Adams Ave,Rayne,LA,70578
5525 Cameron St.,Scott,LA,70583
16229 Hwy 1,Simmesport,LA,71369
501 S Main St,Springhill,LA,71075
2566 HWY 20,Vacherie,LA,70090
909 Westbank Expressway,Westwego,LA,70094
4020 Woodland Ave,Duluth,MN,55803
1313 Third Street,International Falls,MN,56649
"509 Fairground Ave, Suite 3",Higginsville,MO,64037
202 S Maple,Aberdeen,MS,39730
105 Hwy 6,Amory,MS,38821
122 Hwy 51 N,Batesville,MS,38606
Hwy 15 South,Bay Springs,MS,39422
326 South Second Street,Belmont,MS,38827
103 S Second St,Booneville,MS,38829
1574 W. Government,Brandon,MS,39042
215 Hwy 51 North,Brookhaven,MS,39601
364 E. Monticello St.,Brookhaven,MS,39601
223 W Calhoun St,Bruce,MS,38915
19 S Fuller St,Byhalia,MS,38611
595 East Veterans Avenue,Calhoun City,MS,38916
110 E Academy St,Canton,MS,39046
1150 E Peace St,Canton,MS,39046
301 VanBuren St.,Carthage,MS,39051
17284 Okahoma St.,Coffeeville,MS,38922
9095 Collinsville Rd,Collinsville,MS,39325
Hwy 13 N,Columbia,MS,39429
3610 New Hope Rd,Columbus,MS,39702
7831 Hwy 613,Escatawpa,MS,39552
301 E Roane Ave,Eupora,MS,39744
134 Market Place,Hazlehurst,MS,39083
627 Battleground Dr,Iuka,MS,38852
225 Meadowbrook Rd,Jackson,MS,39206
321 North 16th Avenue,Laurel,MS,39440
816 Main Street,Leakesville,MS,39451
339 Simpson Hwy 149,Magee,MS,39111
Hwy 15 South,Mathiston,MS,39750
7195 Will Robbins Rd,Nettleton,MS,38858
602 W Bankhead St,New Albany,MS,38652
6459 Cockrum Street,Olive Branch,MS,38654
100 Choctaw Town Center,Philadelphia,MS,39350
740 Hwy 51 North,Pickens,MS,39146
237 West Oxford,Pontotoc,MS,38863
1002 Main St.,Port Gibson,MS,39150
600 Hwy 8 E,Rosedale,MS,38769
16851 Hwy 21 South,Sebastopol,MS,39359
323 Erwin Road,Stonewall,MS,39363
605 Laurel Ave,Summit,MS,39666
221 Welcome Street,Taylorsville,MS,39168
P O Box 336,Tunica,MS,38676
5044 Plaza Drive,Tylertown,MS,39667
206 Jackson Rd,Union,MS,39365
4306 Halls Ferry Road,Vicksburg,MS,39180
325 S Main,Water Valley,MS,38965
530C West Central Avenue,Wiggins,MS,39577
1339 E Memorial Dr,Ahoskie,NC,27910
144-D Third Street,Ayden,NC,28513
12536 Sandford St,Bailey,NC,27807
1500 Live Oak St,Beaufort,NC,28516
300 N Main St,Broadway,NC,27505
103 S Dudley St,Burgaw,NC,28425
815 College St,Clinton,NC,28328
332 Northeast Blvd,Clinton,NC,28328
1111 Sunset Ave,Clinton,NC,28328
509 S Parker St,Elm City,NC,27822
872 Conway Rd,Fair Bluff,NC,28439
206 Sw Center St,Faison,NC,28341
3686 E Wilson St,Farmville,NC,27893
44 S Ingold Ave.,Garland,NC,28441
100 N Lionel St,Goldsboro,NC,27530
Hwy 55 E,Grantsboro,NC,28529
2105 Dickinson Ave,Greenville,NC,27834
6927 S Highland Ave,Grifton,NC,27530
105 Hamlet Ave,Hamlet,NC,28345
2960 Richlands Hwy,Jacksonville,NC,28540
1040 Henderson Drive,Jacksonville,NC,28540
607 W 2Nd St.,Kenly,NC,27542
2407 D Heritage St (#78),Kinston,NC,28501
604 N Mclewean St,Kinston,NC,28501
2715 Hwy 11-55 W,Kinston,NC,28501
407 E New Bern Rd,Kinston,NC,28504
2240 Highway 258 N,Kinston,NC,28504
229 E Church St,Laurinburg,NC,28352
112 A Village St,Leland,NC,28451
234 Hwy 158 East,Littleton,NC,27850
118 SOUTH US 64-264,MANTEO,NC,27954
104 S Patterson St,Maxton,NC,28364
707 Main St,Maysville,NC,28555
615 N Breazeale Ave,Mount Olive,NC,28365
1208 Simmons St,New Bern,NC,28560
1415 Tatum Drive,New Bern,NC,28560
406 E Third St,Pembroke,NC,28372
205 South First St,Pinetops,NC,27864
317 East Street,Pittsboro,NC,27312
444 Hwy 64,Plymouth,NC,27962
202 Dr Donnie H. Jones Jr.,Princeton,NC,27569
210 E 4Th St,Red Springs,NC,28377
Hwy 258,Richlands,NC,28574
Riegelwood Shpg Cntr-Hwy 87 N,Rieglewood,NC,28456
418 W Thomas St,Rocky Mount,NC,27804
940 Raleigh Rd,Rocky Mount,NC,27802
315 Highway 24,Roseboro,NC,28382
326 S Fifth St,Saint Pauls,NC,28384
2412 S Horner Blvd,Sanford,NC,27330
600 W Raleigh St,Siler City,NC,27344
102 Moyton Ave,Stantonsburg,NC,27883
715 W Corbett,Swansboro,NC,28584
"Fairview Shp Ctr, 2030 N Main St",Tarboro,NC,27886
3373 Hwy Us 1,Vass,NC,28394
209 N Norwood St,Wallace,NC,28466
107 S Pine St,Warsaw,NC,28398
851 Washington Square Mall,Washington,NC,27889
626 River Rd,Washington,NC,27889
912 Washington St,Williamston,NC,27892
1105 Ward Blvd,Wilson,NC,27893
409 Front Street,Oak Hill,OH,45656
1001 East Shawntel Smith Blvd.,Muldrow,OK,74948
15 W. Ashland St,Andrews,SC,29510
110 S Main Street,Bishopville,SC,29010
50 E Dekalb St,Camden,SC,29020
1303 West Main Street,Chesterfield,SC,29709
3818 Devine Street,Columbia,SC,29205
4033 West Beltline Blvd,Columbia,SC,29204
6325 N Main St,Columbia,SC,29203
401 Pearl Street,Darlington,SC,29532
18147 Heritage HWY,Denmark,SC,29042
221 Cherokee Road,Florence,SC,29501
1945 West Palmetto St.,Florence,SC,29501
1620 High Market St,Georgetown,SC,29440
1160 S Main St,Greenwood,SC,29646
810 E Elm St,Hampton,SC,29924
1270 Yeamans Hall Road,Hanahan,SC,29410
7 Main St,Hardeeville,SC,29927
842 S Fifth Street,Hartsville,SC,29550
Coligny Plaza 1 North Forest Beach Dr.,Hilton Head,SC,29928
8508 Old State Road,Holly Hill,SC,29059
6251 Hwy 162,Hollywood,SC,29449
365 S. Georgetown Hwy.,Johnsonville,SC,29555
100 Railroad Avenue,Lamar,SC,29069
1123 South Lake Drive,Lexington,SC,29073
36 Sunset Drive,Manning,SC,29102
1808 East Hwy 76,Marion,SC,29571
100 W Main Street,Moncks Corner,SC,29461
1700 Kings Highway,Myrtle Beach,SC,29577
1220 Moser Drive,Myrtle Beach,SC,29577
6611 Savannah Hwy,Neeses,SC,29107
204 N Cambridge,Ninety-Six,SC,29666
8780-A Rivers Avenue,North Charleston,SC,29406
2526 Old Edisto Drive,Orangeburg,SC,29115
2060 Columbia Road,Orangeburg,SC,29115
1347 Ribaut Road,Port Royal,SC,29935
10847 N. Jacob Smart Blvd.,Ridgeland,SC,29936
5583 Memorial Blvd,St. George,SC,29477
1605 Central Avenue,Summerville,SC,29483
404 North Cedar Street,Summerville,SC,29483
1011 Broad Street,Sumter,SC,29150
114 E Calhoun Street,Sumter,SC,29150
1455 S Guignard Parkway,Sumter,SC,29150
343 Pinewood Road,Sumter,SC,29150
122 Hwy 17 North,Surfside Beach,SC,29575
123 Earl Street South,Wagener,SC,29164
800 N. Greenwood Avenue,Ware Shoals,SC,29692
26460 SC 121,Whitmire,SC,29178
223 E. Main St.,Adamsville,TN,38310
26257 Main Street,Ardmore,TN,38449
8541 Hiwassee Street Northwest,Charleston,TN,37310
3441 Fort Campbell Blvd,Clarksville,TN,37042
314 Hwy 13 South,Collinwood,TN,38450
119 Nashville Hwy,Columbia,TN,38401
1412 Trotwood Ave.,Columbia,TN,38401
7838 Highway 25 East,Cross Plains,TN,37049
17619 State Hwy 58 N,Decatur,TN,37322
1536 Donelson Pkwy,Dover,TN,37058
125 Five Points Dr.,Ducktown,TN,37326
3611 West Main St,Erin,TN,37061
740 N Tennessee Ave,Etowah,TN,37331
2762-B Huntsville Hwy,Fayetteville (Park City),TN,37334
Highway 108,Gruetli-Laager,TN,37339
130 Mcmurry Boulevard,Hartsville,TN,37074
539 W Main,Henderson,TN,38340
1101 Scottsville Rd,Lafayette,TN,37083
Circle Dr & Oak St,Monteagle,TN,37356
2317 Dickerson,Nashville,TN,37207
921 North 1st Street,Nashville,TN,37207
3611 Gallatin Pike,Nashville,TN,37216
2900 West End Avenue,Nashville,TN,37203
5127 Nolensville Road,Nashville,TN,37211
1439 Robinson Road,Old Hickory,TN,37138
3508 Main Street,Pikeville,TN,37367
940 Wayne Rd,Savannah,TN,38372
874 Union St.,Shelbyville,TN,37160
141 E Clinton Ave,Spring City,TN,37381
811 East Lincoln Street,Tullahoma,TN,37388
321 Dexter Woods Memorial Blvd,Waynesboro,TN,38485
834 West Main Street,Woodbury,TN,37190
1304 S Boston Rd,Danville,VA,24540
338 SCHOOL STREET,EMPORIA,VA,23847
4630 East Princess Anne Road,Norfolk,VA,23502
8337 Court Ave,Hamlin,WV,25523
PO Box 100 Rt. 60 Possum Creek,Hico,WV,25854
18 Perry Morris Square,Milton,WV,25541
