2025 Lake Street,"Algoma, WI 54201",Open 6:30am – 9:00pm Daily,Phone: (920) 487-2235,Manager: Craig and Diane Peterman (Owners)
520 E Northland Ave,"Appleton, WI 54911",Open 6am-10pm Daily,Phone: (920) 739-6092,Manager: Dan Schneider (Owner)
810 Park Avenue,"Beaver Dam, WI 53916",Open 7am-9pm Daily,Phone: (920) 885-5843,Manager: Daryl and Brenda Schoenfeldt (Owners)
1827 Prairie Ave,"Beloit, WI 53511",Sun-Sat 7am-9pm,Phone: (608) 362-1950,Manager: Miguel Guzman (Owner)
106 West Oak Street,"Boscobel, WI 53805",Open 7am-10pm Daily,Phone: (608) 375-4472,Manager: John Marino
1604 Center Ave,"Brodhead, WI 53520",Open 6am-9pm Daily,Phone: (608) 897-2105,Manager: Tom Sheridan and Dan Palan (Owners)
2315 N. 124th Street,"Brookfield, WI 53005",Open 7am-10pm Daily,Phone: (262) 782-3663,Manager: Earl Brunelle
100 Jefferson Street,"Cambridge, WI 53523",Open 7am-9pm Daily,Phone: (608) 423-4004,Manager: Mike and Amy Day (Owners)
450 Grandview Avenue,"Campbellsport, WI 53010",Open 7am-9pm Daily,Phone: (920) 533-4812,Manager: Jeff and Carole Klotz (Owners)
240 N. Commerce Street,"Cedar Grove, WI 53013",Open 7am-8pm Mon-Fri ,Phone: (920) 668-6042,Manager: Bob Dirkse (Owner)
W61N286 Washington Ave.,"Cedarburg, WI 53012",Open 6:45am-11pm Daily,Phone: (262) 375-4474,Manager: Ryan Olsen (Owner)
216 Hwy 141 North,"Coleman, WI 54112",Open 7am-8pm Mon-Sat ,Phone: (920) 897-3139,Manager: Dennis and Russ Pelkin (Owners)
421 West Cottage Grove,"Cottage Grove, WI 53527",Open 7am-9pm Daily,Phone: (608) 839-3350,Manager: Dave Schommer (Owner)
214 N US Highway 141,"Crivitz, WI 54114",Open 7am-8pm Mon-Thurs and Sat ,Phone: (715) 854-2115,Manager: Nick and Jack Witt (Owners)
28 Glaciers Edge,"Cross Plains, WI 53528",Open 7am-9pm Daily,Phone: (608) 798-3701,Manager: Terry Lancaster (Owner)
149 Wells Street,"Darlington, WI 53530",Open 7am-10pm Daily,Phone: (608) 776-4051,Manager: Paul Nardin
575 Swan Road,"De Pere, WI 54115",Open 6:06am-10:33pm Daily,Phone: (920) 336-7080,Manager: Tom Verhagen (Owner)
1414 E. Geneva Street,"Delavan, WI 53115",Open 6am-10pm Daily,Phone: (262) 728-2638,Manager: Mark and Brett Stinebrink (Owners)
320 Springate Mall,"Dodgeville, WI 53533",Open 7am-10pm Daily,Phone: (608) 935-2366,Manager: Jeff Weber
3238 W. Main St,"East Troy, WI 53120",Open 6am-10pm Daily,Phone: (262) 642-5524,"Manager: Frank, Stephanie and Steve Lueptow (Owners)"
1211 N. Main Street,"Edgerton, WI 53534",Open 6am-9pm Daily,Phone: (608) 884-4277,Manager: Jason and Angie Cowley (Owner)
58 W Market St,"Elkhorn, WI 53121",Open 6am-10pm Daily,Phone: (262) 723-2996,Manager: Frank and Stephanie Lueptow (Owners)
8 N Cty Hwy M,"Evansville, WI 53536",Open 7am-9pm Daily,Phone: (608) 882-5308,Manager: Jim Kopecky (Owner)
131 University Drive,"Fond Du Lac, WI 54935",Open 6am-10pm Sun-Sat,Phone: (920) 922-7800,Manager: Dan Schneider - Owner
2465 Lineville Rd,"Green Bay, WI 54313",Open 5:45am-10pm Daily,Phone: (920) 434-0921,Manager: Chuck and Mary Ann Olsen (Owners)
1566 E. Sumner Street,"Hartford, WI 53027",Open 6am-10pm Daily,Phone: (262) 673-9055,Manager: Brian Hass
505 S. Cottonwood,"Hartland, WI 53029",Open 6am-10pm Daily,Phone: (262) 367-2922,Manager: Johnnie Dinkins
714 S. Wisconsin Drive,"Howards Grove, WI 53083",Open 7am-9pm Mon-Fri ,Phone: (920) 565-4421,Manager: Bill Schleh (Owner)
1234 Hwy 175,"Hubertus, WI 53033",Open 6am-10pm Daily,Phone: (262) 628-1180,Manager: Mike Olwig
W194N16774 Eagle Drive,"Jackson, WI 53037",Open 6am-10pm Daily,Phone: (262) 677-4141,Manager: Dale Sandberg
921 W. Racine Street,"Jefferson, WI 53549",Open 7am-9pm Daily,Phone: (920) 674-3130,Manager: Mike and Amy Day (Owners)
100 S. Western Ave,"Juneau, WI 53039",Open 7am-9pm Daily,Phone: (920) 386-2972,Manager: Jonathan Jensen (Owner)
300 E. Ann Street,"Kaukauna, WI 54130",Open 6:06am-10:33pm Daily,Phone: (920) 766-6080,Manager: Tom Verhagen (Owner)
7600 Pershing Plaza,"Kenosha, WI 53142",Open 6am-10pm Daily,Phone: (262) 764-1954,Manager: Mark and Matt Stinebrink (Owners)
2801 14th Place,"Kenosha, WI 53140",Open 6am-10pm Daily,Phone: (262) 553-1370,Manager: Brenda Lois
2215 80th St,"Kenosha, WI 53140",Open 7am - 9pm Daily,Phone: (262) 654-6961,Manager: Mark Stinebrink (Owner)
3500 52nd Street,"Kenosha, WI 53144",Open 8am-9pm Daily,Phone: (262) 605-3958,Manager: Marco Escobar
940 Fond Du Lac Avenue,"Kewaskum, WI 53040",Mon-Fri 6:30am-9:00pm ,Phone: (262) 626-1778,Manager: Mike Geidel (Owner)
931 Marquette Drive,"Kewaunee, WI 54216",Open 7am-8pm Mon-Fri ,Phone: (920) 388-2311,Manager: Nick and Josh Vandervest (Owners)
80 E Park Ave,"Kiel, WI 53042",Open 7am-9pm Mon-Sat ,Phone: (920) 894-2445,Manager: Rick Saeger (Owner)
100 E Geneva Square,"Lake Geneva, WI 53147",Open 6am-10pm Daily,Phone: (262) 248-8798,Manager: Mark and Brett Stinebrink (Owners)
158 N. Washington Street,"Lancaster, WI 53813",Open 7am-10pm Daily,Phone: (608) 723-6321,Manager: Tom Stram
1901 E. Main Street,"Little Chute, WI 54140",Open 6:06am-10:33pm Daily,Phone: (920) 766-6090,Manager: Tom Verhagen (Owner)
805 Main Street,"Lodi, WI 53555",Open 7am-9pm Daily,Phone: (608) 592-7570,Manager: Duane and Debbie Westlie (Owners)
325 East Avenue,"Lomira, WI 53048",Open Mon-Fri 7am – 9pm ,Phone: (920) 269-4015,Manager: Greg and Mary Hankes (Owner)
1339 N. 8th Street,"Manitowoc, WI 54220",Open 6am-10:30pm Daily,Phone: (920) 682-4931,Manager: Bob Fox (Owner)
450 Margaret Street,"Markesan, WI 53946",Open 6am-9pm Daily,Phone: (920) 398-2621,Manager: Ted and Sally Robl (Owners)
1440 Horicon Street,"Mayville, WI 53050",Open 6:30am-9:00pm Daily,Phone: (920) 387-3220,Manager: Jerry Mountin (Owner)
1151 Midway Road,"Menasha, WI 54952",Open 6am-10pm Daily,Phone: (920) 727-9770,Manager: Glen Femal
N81 W 15182 Appleton Avenue,"Menomonee Falls, WI 53051",Open 6am-9pm Daily,Phone: (262) 255-3007,Manager: Don and Jill Peiffer (Owners)
6111 W. Mequon Road,"Mequon, WI 53092",Open 6am-10pm Daily,Phone: (262) 242-2180,Manager: Paul and Karen Godin (Owners)
3404 E. Main Street,"Merrill, WI 54452",Open Sunday Through Saturday 7am to 9pm,Phone: (715) 536-8365,Manager: Bill Schultz (Owner)
727 South Janesville Street,"Milton, WI 53563",Open 7am-9pm Daily,Phone: (608) 868-7900,Manager: Jason and Angie Cowley (Owners)
709 East Capitol Drive,"Milwaukee, WI 53212",Open 7am-9pm Daily,Phone: (414) 249-5725,Manager: Julius Green
123 W. Oklahoma Ave.,"Milwaukee, WI 53207",Open 6am-10pm Daily,Phone: (414) 489-7642,Manager: Sal Butera (Owner)
725 8th Street,"Monroe, WI 53566",Open 6am-11pm Daily,Phone: (608) 325-5088,Manager: Dan Harris
530 W. Hwy 153,"Mosinee, WI 54455",Open 7am-9:30pm Mon-Sat ,Phone: (715) 693-6700,Manager: Bill Schultz (Owner)
W189 S7847 Racine Ave,"Muskego, WI 53150",Open 6am-10pm Daily,Phone: (262) 679-1166,Manager: Jim and Judy Semrad (Owners)
1025 Market Street,"Nekoosa, WI 54457",Open 7am-8pm Mon-Sat ,Phone: (715) 886-4621,Manager: George Korntved (Owner)
2243 Calumet Drive,"New Holstein, WI 53061",Open 7am-9pm Mon-Sat ,Phone: (920) 898-4600,Manager: John and Jean Blattner (Owners)
1919 N. Shawano Road,"New London, WI 54961",Open 8am-9pm Mon-Fri ,Phone: (920) 982-2277,Manager: Pete Butch (Owner)
Tower Square 2201 E. Rawson,"Oak Creek, WI 53154",Open Sunday – Saturday 6 am – 10pm,Phone: (414) 764-7640,Manager: Ralph Malicki (Owner)
1300 Brown Street,"Oconomowoc, WI 53066",Open 6am-10pm Daily,Phone: (262) 567-8376,Manager: Dan Brandt
409 E. Highland Drive,"Oconto Falls, WI 54154",Open 7am-9pm Mon-Fri ,Phone: (920) 846-2805,Manager: David Steve and Tom Witt (Owners)
142 Alder Ave,"Omro, WI 54963",Open 7am-9pm Mon-Sat ,Phone: (920) 685-5143,Manager: Red and Sheryl Salfai (Owners)
118 N. 9th Street,"Oostburg, WI 53070",Open 7am-9pm Mon-Sat ,Phone: (920) 564-2234,Manager: Jay and Sue Mentink (Owners)
525 E. Murdock Street,"Oshkosh, WI 54901",Open 6am-10pm Daily,Phone: (920) 236-7801,Manager: Mark and Susie Grunwald (Owners)
514 S. Main Street,"Pardeeville, WI 53954",Open 7am-9pm Daily,Phone: (608) 429-2221,Manager: Duane Wipperfurth (Owner)
255 McGregor Plazza,"Platteville, WI 53818",Open 7am-10pm Daily,Phone: (608) 348-2345,Manager: Tiffany Meyers
1411 Eastern Avenue,"Plymouth, WI 53073",Open 6am-9pm Daily,Phone: (920) 893-0741,Manager: Bob Fox (Owner)
621 North Highway 51,"Poynette, WI 53955",Open 7am-9pm Daily,Phone: (608) 635-2647,Manager: Bob Saftig (Owner)
30 Riverside Square,"Prairie Du Chien, WI 53821",Open 6am-10pm Daily,Phone: (608) 326-5111,Manager: Curt and Shelly Zinkle (Owners)
101 E. Main,"Princeton, WI 54968",Open 6am-9pm Mon-Sat ,Phone: (920) 295-3981,Manager: Pat Kautza (Owner)
5201 Washington Avenue,"Racine, WI 53406",Open 6am-10pm Daily,Phone: (262) 619-3230,Manager: Ralph Malicki (Owner)
3900 Erie Street,"Racine, WI 53402",Open 6am-10pm Daily,Phone: (262) 639-2142,Manager: Dave Koenig (Owner)
5600 Spring Street,"Racine, WI 53406",Open 6am-10pm Daily,Phone: (262) 886-0373,Manager: Bob Helvick
4011 Durand Avenue,"Racine, WI 53405",Open 6am-10pm Daily,Phone: (262) 554-8681,Manager: Joe Ligocki
164 Kienow Drive,"Randolph, WI 53956",Open 7am-9pm Mon-Sun,Phone: (920) 326-5800,Manager: Alan Detjen (Owner)
724 Phillips Boulevard,"Sauk City, WI 53583",Open 7am-9pm Mon-Sat ,Phone: (608) 643-8438,Manager: John Opahle (Owner)
810 E Green Bay Avenue,"Saukville, WI 53080",Open 6am-10pm Daily,Phone: (262) 284-8969,Manager: Paul Williams
3124 S. Business Drive,"Sheboygan, WI 53081",Open 6am-10pm Daily,Phone: (920) 452-0411,Manager: Kerry Martens
2905 N. 15th Street,"Sheboygan, WI 53083",Open 6am-10pm Daily,Phone: (920) 458-9991,Manager: Mark Tietz - Owner
1166 Fond Du Lac Ave,"Sheboygan Falls, WI 53085",Open 6am-9pm Mon-Sat ,Phone: (920) 467-0477,Manager: John Blattner (Owner)
10576 Country Walk Road,"Sister Bay, WI 54234",Sun 7:30am–5:00pm ,Phone: (920) 854-2391,Manager: Tom and Dan Nesbitt - Owners
1100 E. Commerce Blvd.,"Slinger, WI 53086",Open 6am-10pm Daily,Phone: (262) 644-5281,Manager: Mike Frederick
N63 W23735 Main Street,"Sussex, WI 53089",Open 6am-10pm Daily,Phone: (262) 246-6452,Manager: Dennis and Donna Lipofski (Owners)
2300 Forest Ave,"Two Rivers, WI 54241",Open 6:30am-10:30pm Daily,Phone: (920) 794-8931,Manager: Bob Fox (Owner)
4400 67th Drive,"Union Grove, WI 53182",Open 7am-9pm Mon-Fri ,Phone: (262) 878-2454,Manager: Doug Preston and Carolyn Preston (Owners)
441 S. Calumet Road,"Valders, WI 54245",Open 7:30am-8pm Mon-Fri ,Phone: (920) 775-9311,Manager: Scott Christel/Scott Backhaus (Owners)
810 N. Monroe,"Waterloo, WI 53594",Open 7am-9pm Daily,Phone: (920) 478-3088,Manager: Mike and Bonnie Lannoy (Owners)
1330 Memorial Drive,"Watertown, WI 53098",Open 6am-10pm Daily,Phone: (920) 262-7449,Manager: Jeff Tate (Owner)
205 N. Holiday Drive,"Waunakee, WI 53597",Open 7am-9pm Daily,Phone: (608) 849-6543,Manager: Rich and Sue Wipperfurth (Owners)
810 W. Fulton,"Waupaca, WI 54981",Open 7am-11pm Daily,Phone: (715) 258-3161,Manager: Scott Neumann (Owner)
100 Gateway Drive,"Waupun, WI 53963",Open 7am-9pm Mon-Sat ,Phone: (920) 324-5526,Manager: Marty Koeholer (Owner)
975 E Main Street,"Wautoma, WI 54982",Open 7am-9pm Daily,Phone: (920) 787-5444,Manager: Pam Alvarez (Owner)
10282 West National Avenue,"West Allis, WI 53227",Open 6am-11pm Daily,Phone: (414) 546-2772,2575 E. Washington St.
"West Bend, WI 53095",Open 6am-10pm Mon-Sat ,Phone: (262) 338-8211,Manager: Jeff and Carole Klotz (Owners),910 East Main Street
"Winneconne, WI 54986",Open 7am-9pm Daily,Phone: (920) 582-0401,Manager: Wayne Krueger (Owner),
