406 W 5th Ave,Anchorage,AK,99503-4591
5901 University Dr,Huntsville,AL,35805
3400 Bel Air Mall,Mobile,AL,36606-3411
1236 Eastdale Mall,Montgomery,AL,36117
550 Pinnacle Pl,Prattville,AL,36066-6542
22500 Town Center Ave,Spanish Fort,AL,36527-9414
5060 PINNACLE SQUARE,TRUSSVILLE,AL,35235
1701 Macfarland Blvd E,Tuscaloosa,AL,35404
4201 N Shiloh Drive,Fayetteville,AR,72703-3877
5111 Rogers Ave,Fort Smith,AR,72903-2065
3000 E HIGHLAND DR STE 516,JONESBORO,AR,72401
2600 S Shackleford Rd,Little Rock,AR,72205-6916
3929 MCCAIN BLVD STE 500,NORTH LITTLE ROCK,AR,72116
2202 Bellview Rd,Rogers,AR,72758
1041 N Promenade Pkwy,Casa Grande,AZ,85194-5402
2180 S Gilbert Rd,Chandler,AZ,85286-1587
7750 W ARROWHEAD TOWNE CENTER,GLENDALE,AZ,85308
13333 W MCDOWELL RD,Goodyear,AZ,85395
5651 Hwy 95 N,Lake Havasu City,AZ,86404-9646
6525 E SOUTHERN AVE,Mesa,AZ,85206
220 W Mariposa Rd,Nogales,AZ,85621
4510 E CACTUS RD,PHOENIX,AZ,85032
5050 E RAY RD,PHOENIX,AZ,85044
1727 W Bethany Home Rd,Phoenix,AZ,85015
1900 E Rio Salado Pkwy,Tempe,AZ,85281-2237
5265 S Calle Santa Cruz,Tucson,AZ,85706-3962
4530 N Oracle Rd,Tucson,AZ,85705
1375 S Yuma Palms Pkwy,Yuma,AZ,85365-1708
4951 Slatten Ranch Rd,Antioch,CA,94531-8695
400 S Baldwin Ave,Arcadia,CA,91007-1900
2501 MING AVE,BAKERSFIELD,CA,93304
2555 El Camino Real,Carlsbad,CA,92008-1202
1932 E 20th St,Chico,CA,95928
14659 Ramona Ave,Chino,CA,91710-5746
591 Broadway,Chula Vista,CA,91910-5307
6100 Sunrise Blvd,Citrus Heights,CA,95610-6973
6000 S Hannum Ave,Culver City,CA,90230-6504
63 Serramonte Center,Daly City,CA,94015-2345
100 Stonewood St,Downey,CA,90241-3994
355 Fletcher Pkwy,El Cajon,CA,92020-2513
3351 S DOGWOOD,EL CENTRO,CA,92243
290 E Via Rancho Pkwy,Escondido,CA,92025-8094
1330 Travis Blvd,Fairfield,CA,94533-4699
555 E Shaw Ave,Fresno,CA,93710-7770
1169 Glendale Galleria,Glendale,CA,91210-1301
24200 Laguna Hills Mall,Laguna Hills,CA,92653-3695
67 Lakewood Center Mall,Lakewood,CA,90712-2482
1060 Perimeter Dr,Manteca,CA,95337-9620
600 Merced Mall,Merced,CA,95348
3401 Dale Road,Modesto,CA,95356-0505
5100 MONTCLAIR PLAZA LANE,Montclair,CA,91763
1600 Town Center Dr,Montebello,CA,90640-2197
22450 TOWN CIR,Moreno Valley,CA,92553
3040 Plaza Bonita Rd,National City,CA,91950-8097
9301 Tampa Ave,Northridge,CA,91324-2503
72900 Hwy 111,Palm Desert,CA,92260
1131 W Rancho Vista Blvd,Palmdale,CA,93551-3945
12399 S Main Street,Rancho Cucamonga,CA,91739-8810
950 DANA DR,REDDING,CA,96003
10000 Alabama St,Redlands,CA,92374-2062
3605 GALLERIA AT TYLER,RIVERSIDE,CA,92503
1125 Galleria Blvd,Roseville,CA,95678-1917
1695 Arden Way,Sacramento,CA,95815-4004
100 Northridge Mall,Salinas,CA,93906-2097
1122 El Camino Real,San Bruno,CA,94066-1389
6987 Friars Road,San Diego,CA,92108-1299
2230 Eastridge Loop,San Jose,CA,95122-1347
2890 N Main St,Santa Ana,CA,92705-6605
24140 MAGIC MOUNTAIN PKY,Santa Clarita,CA,91355
800 Coddingtown Mall,Santa Rosa,CA,95401-3570
4915 Claremont Ave,Stockton,CA,95207-5787
40640 WINCHESTER RD,TEMECULA,CA,92591
280 Hillcrest Dr,Thousand Oaks,CA,91360-4294
21840 S Hawthorne Blvd,Torrance,CA,90503-7000
377 S MILLS RD,Ventura,CA,93003
14370 Bear Valley Road,VICTORVILLE,CA,92392
1203 Plaza Dr,West Covina,CA,91790-2885
15740 WHITTWOOD LANE,WHITTIER,CA,90603
6302 S Central St,Aurora,CO,80016
14200 E ALAMEDA AVE,AURORA,CO,80012
1950 Prairie Center Pkwy,Brighton,CO,80601-7066
3650 New Center Pt,Colorado Springs,CO,80922-2817
8568 E 49th Ave,Denver,CO,80238-3143
135 BOCKMAN DR,FORT COLLINS,CO,80525
2424 US 6th and 50th,Grand Junction,CO,81505
8417 S PARK MEADOWS CENTER DR,LONE TREE,CO,80124
3400 Rio Grande Ave,Montrose,CO,81401-4834
3301 Dillon Dr,Pueblo,CO,81008
14658 DELAWARE ST,WESTMINSTER,CO,80023
300 Westfarms Mall,Farmington,CT,6032
344 V Buckland Hls Dr Ste 7000,Manchester,CT,6042
1201 BOSTON POST RD,Milford,CT,6460
525 UNION ST,Waterbury,CT,6706
1365 N DUPONT HWY STE 5000,DOVER,DE,19901
606 CHRISTIANA MALL,NEWARK,DE,19702
3236 Kirkwood Hwy,Wilmington,DE,19808
451 E ALTAMONTE DR STE 1301,ALTAMONTE SPRINGS,FL,32701
19525 Biscayne Blvd,Aventura,FL,33180-2397
801 N Congress Ave,Boynton Beach,FL,33426-3399
331 Brandon Town Center Mall,Brandon,FL,33511-4723
8102 Citrus Park Town Ctr,Citrus Park,FL,33625
27001 US Hwy 19 N,Clearwater,FL,33761-3499
2345 S Hwy 27,Clermont,FL,34711-6877
9303 W Atlantic Blvd,Coral Springs,FL,33071-6900
6200 Grandview Pkwy,Davenport,FL,33837-2305
1700 W INTL SPEEDWAY,DAYTONA BEACH,FL,32114
4125 CLEVELAND AVE STE 903,FORT MYERS,FL,33901
6481 Newberry Rd,Gainesville,FL,32605-4398
1655 W 49th St,Hialeah,FL,33012-2966
10308 Southside Blvd,Jacksonville,FL,32256-0750
9501 Arlington Expy,Jacksonville,FL,32225-8293
2001 W Osceola Pkwy,Kissimmee,FL,34741-0731
3800 US Hwy 98 N,Lakeland,FL,33809-3800
1700 W NEW HAVEN AVE,MELBOURNE,FL,32904
777 E MERRITT ISL CSWY STE 210,MERRITT ISLAND,FL,32952
7201 N Kendall Dr,Miami,FL,33156-7874
1603 NW 107th Ave,Miami,FL,33172-2707
20505 S Dixie Hwy,Miami,FL,33189
2076 9TH ST N,Naples,FL,34102
1910 Wells Rd,Orange Park,FL,32073-2329
8001 S Orange Blossom,Orlando,FL,32809-7684
3115 E Colonial Dr,Orlando,FL,32803
206 Bluefish Dr,Panama Beach,FL,32413
11401 Pines Blvd,Pembroke Pines,FL,33026-4117
7171 N Davis Hwy and Rt 10,Pensacola,FL,32504
8000 West Broward Blvd,Plantation,FL,33388-0900
310 Towne Center Cir,Sanford,FL,32771-7410
8201 S TAMIAMI TRAIL,SARASOTA,FL,34238
5181 Pepper St,Spring Hill,FL,34607-3935
7000 Tyrone Sq,St Petersburg,FL,33710-3937
1500 Apalachee Pkwy,Tallahassee,FL,32301-3087
201 Westshore Plaza,Tampa,FL,33609
10308 W Forest Hill Blvd,Wellington,FL,33414-3106
28151 State Rd 56,Wesley Chapel,FL,33543-8805
2601 Dawson Rd,Albany,GA,31707-6801
2000 N POINT CIR,ALPHARETTA,GA,30022
3450 Wrightsboro Rd,Augusta,GA,30909
3333 Buford Dr,Buford,GA,30519-4930
3507 Manchester Expy,Columbus,GA,31909
5043 Jimmy Lee Smith Pkwy,Hiram,GA,30141-2733
400 Ernest W Barrett Pkwy,Kennesaw,GA,30144-4917
8040 Mall Pkwy,Lithonia,GA,30038-2542
1380 Hwy 20 W,McDonough,GA,30253-7303
341 Newnan Crossing Byp,Newnan,GA,30265
7804 ABERCORN ST,SAVANNAH,GA,31406
1700 Norman Dr,Valdosta,GA,31601
2400 Edgewood Rd SW,Cedar Rapids,IA,52404
3333 Market Place Dr,Council Bluffs,IA,51501-8287
320 W Kimberly Rd,Davenport,IA,52806-5972
4340 SERGEANT RD,SIOUX CITY,IA,51106
1551 Valley West Dr,W Des Moines,IA,50266-1189
300 N MILWAUKEE ST,BOISE,ID,83704
2320 E 17Th St,Idaho Falls,ID,83404
1200 N Happy Valley Rd,Nampa,ID,83687-8598
800 S Randall Rd,Algonquin,IL,60102-5932
4 FOX VALLEY CTR,Aurora,IL,60504
245 St Clair Sq,Fairview Heights,IL,62208-2199
2940 Commerce Dr,Johnsburg,IL,60051-5409
3340 MALL LOOP DRIVE SPACE 2,JOLIET,IL,60431
175 Yorktown Shopping Center,Lombard,IL,60148-5592
4451 Promenade Way,Matteson,IL,60443-3044
11325 W Lincoln Hwy,Mokena,IL,60448-2070
1100 Ogden Ave,Montgomery,IL,60538-5401
220 GOLF MILL CENTER,NILES,IL,60714
1600 Orchard Gateway Blvd,North Aurora,IL,60542-6501
7507 W CERMAK RD,North Riverside,IL,60546
3 Orland Square Dr,Orland Park,IL,60462-6596
2200 W War Memorial Dr,Peoria,IL,61613-1082
7200 E HARRISON AVE,ROCKFORD,IL,61112
3 Woodfield Mall,Schaumburg,IL,60173-5068
1201 S Dirksen Parkway,Springfield,IL,62703-2122
4 HAWTHORN CENTER,VERNON HILLS,IL,60061
7400 Woodward Ave,Woodridge,IL,60517-2612
757 E Lewis & Clark Parkway,Clarksville,IN,47129-2285
800 N Green River Rd,Evansville,IN,47715
4201 Coldwater Rd,Fort Wayne,IN,46805-1176
1251 US Highway 31 N,Greenwood,IN,46142
8752 MICHIGAN ROAD,INDIANAPOLIS,IN,46268
6020 E 82nd St,Indianapolis,IN,46250-1578
2415 SAGAMORE PKWY S  52,LAFAYETTE,IN,47905
1890 Southlake Mall,Merrillville,IN,46410-6497
6501 N Grape Rd,Mishawaka,IN,46545
13900 Hoard Dr,Noblesville,IN,46060-5598
2611 E Main St,Plainfield,IN,46168-2710
410 Porters Vale Blvd,Valparaiso,IN,46383-0000
10904 Stadium Pkwy,Kansas City,KS,66111-8100
6901 W 135th St,Overland Park,KS,66223-4803
11801 W 95th St,Overland Park,KS,66214-1882
7700 E Kellogg Dr,Wichita,KS,67207-1771
4600 W Kellogg Rd,Wichita,KS,67209-2546
500 Winchester Ave,Ashland,KY,41101-7362
6000 Florence Mall,Florence,KY,41042-1432
3401 NICHOLASVILLE RD  STE 116,LEXINGTON,KY,40503
4803 Outer Loop Rd,Louisville,KY,40219-3398
5000 Shelbyville Rd,Louisville,KY,40207-3371
2037 Lantern Ridge Dr,Richmond,KY,40475
3541 Masonic Dr,Alexandria,LA,71301-3697
6201 Bluebonnet Blvd,Baton Rouge,LA,70836-6200
2950 E TEXAS AVE,BOSSIER CITY,LA,71111
197 WESTBANK EXPY STE 2,GRETNA ,LA,70053
5953 W Park Ave,Houma,LA,70364
3125 Louisiana Ave,Lafayette,LA,70501-1404
312 W Prien Lake Rd,Lake Charles,LA,70601-8453
4761 Pecanland Mall Dr,Monroe,LA,71203
7451 Youree Dr,Shreveport,LA,71105-5535
50 Holyoke St,HOLYOKE,MA,1041
100 COMMERCIAL RD UNIT 180,LEOMINSTER,MA,1453
573 Donald Lynch Blvd,Marlborough,MA,01752-4725
1019 S Washington St,North Attleboro,MA,02760-3651
120 N DARTMOUTH MALL,NORTH DARTMOUTH,MA,2747
210 Andover Street,Peabody,MA,01960-1525
3411 Merchant Boulevard,ABINGDON,MD,21009
1695 ANNAPOLIS MALL,Annapolis,MD,21401
8200 Perry Hall Blvd,Baltimore,MD,21236-4901
7777 EASTPOINT MALL,BALTIMORE,MD,21224
10300 Little Patuxent Pkwy,Columbia,MD,21044-3398
3401 Donnell Drive,Forestville,MD,20747-3289
5500 Buckeystown Pike,Frederick,MD,21703
701 Russell Ave,Gaithersburg,MD,20877-2696
17301 VALLEY MALL RD STE 400,HAGERSTOWN,MD,21740
3500 East West Hwy,Hyattsville,MD,20782-5001
9100 McHugh Dr,Lanham,MD,20706-1673
11130 Mall Circle,Waldorf,MD,20603-6110
11160 Veirs Mill Rd,Wheaton,MD,20902-2540
639 STILLWATER AVE,BANGOR,ME,4401
500 Briarwood Cir,Ann Arbor,MI,48108
9480 Village Place Blvd,Brighton,MI,48116-2084
4190 E Court St,Burton,MI,48509-1761
43690 Ford Rd,Canton,MI,48187-3101
3535 S Linden Rd,Flint,MI,48507-3041
3225 28th St SE,Grand Rapids,MI,49512-1675
3774 RIVERTOWN PRKWY SW,GRANDVILLE,MI,49418
5690 Harvey St,Muskegon,MI,49444-8766
27150 Novi Rd,Novi,MI,48377
6580 S Westnedge Ave,Portage,MI,49024-3593
31510 Gratiot Ave,Roseville,MI,48066-4555
4600 Bay Rd,Saginaw,MI,48604-2797
14300 LAKESIDE CIR,Sterling Heights,MI,48313
23000 Eureka Rd,Taylor,MI,48180
700 W 14 MILD RO,TROY,MI,48083
300 Town Center Blvd,White Lake Township,MI,48386-2181
14301 BURNHAVEN DR,BURNSVILLE,MN,55306
12550 Riverdale Blvd,Coon Rapids,MN,55448-6710
1600 Miller Trunk Hwy,Duluth,MN,55811
8201 Flying Cloud Dr,Eden Prairie,MN,55344-5315
13701 GROVE DR,Maple Grove,MN,55311
12421 WAYZATA BLVD,MINNETONKA,MN,55305
101 Apache Mall,Rochester,MN,55902
1700 W County Rd,Roseville,MN,55113-3096
4101 West Division St,St. Cloud,MN,56301-6600
8348 TAMARACK VILLAGE,WOODBURY,MN,55125
200 W Park Mall,Cape Girardeau,MO,63703-6397
2301 W Worley,Columbia,MO,65203-1092
37 West County Center,Des Peres,MO,63131
798 Gravois Bluffs Blvd,Fenton,MO,63026-7726
101 Range Line,Joplin,MO,64801
8100 N Flintlock Rd,Kansas City,MO,64158-1115
9100 N Skyview Ave,Kansas City,MO,64154-8500
990 NW Blue Pkwy,Lees Summit,MO,64086-5718
2825 S Glenstone Ave,Springfield,MO,65804-3781
3702 Frederick Ave,St Joseph,MO,64506-3089
100 S County Center Way,St Louis,MO,63129-1094
4 Mid Rivers Mall,St Peters,MO,63376-4301
5886 Highway 100,Washington,MO,63090
2600 BEACH BLVD,BILOXI,MS,39531
200 Market St,Flowood,MS,39232-3339
1000 TURTLE CREEK DR,HATTIESBURG,MS,39402
1001 BARNES CROSSING RD STE 300,TUPELO,MS,38804
6620 TOWNE CENTER LOOP STE 3,SOUTHAVEN,MS,38671
140 South 24th Street West,Billings,MT,59102-5688
3141 Watermill Dr,Burlington,NC,27215-8237
6910 FAYETTEVILLE RD STE 600,DURHAM,NC,27713
300 Cross Creek Mall,Fayetteville,NC,28303-7299
100 FOUR SEASONS TOWN CTR,GREENSBORO,NC,27407
714 Greenville Blvd,Greenville,NC,27858
11017 Carolina Place Pkwy,Pineville,NC,28134-8370
4217 Six Forks Rd Ste 100,Raleigh,NC,27609
3500 Oleander Dr,Wilmington,NC,28403
10101 East Independence Blvd,MATTHEWS,NC,28215
850 KIRKWOOD MALL,BISMARCK,ND,58504
3902 13th Ave SW,Fargo,ND,58103-3399
2800 S Columbia Rd,Grand Forks,ND,58201
2400 10TH ST SW,Minot,ND,58701
68 Gateway Mall,Lincoln,NE,68505-2433
3202 Oakview Dr,Omaha,NE,68144
7751 Towne Center Pkwy,Papillion,NE,68046-2135
800 N 98TH ST,OMAHA,NE,68114
1500 S WILLOW ST,MANCHESTER,NH,3103
310 Daniel Webster Hwy,Nashua,NH,3060
50 FOX RUN RD STE 35,NEWINGTON,NH,3801
81 ROCKINGHAM PARK,SALEM,NH,3079
RT 12 A,WEST LEBANON,NH,3784
2000 Route 38,Cherry Hill,NJ,08002-2144
1750 DEPTFORD CENTER RD STE 3,DEPTFORD,NJ,8096
755 State Route 18,East Brunswick,NJ,08816-4995
State Hwy 35 and 36,Eatontown,NJ,07724-2093
3710 Route 9,Freehold,NJ,07728-1600
10 MALL DR W,Jersey City,NJ,7310
4405 Black Horse Pike,Mays Landing,NJ,8330
502 Garden State Plaza,Paramus,NJ,07652-2492
305 Mount Hope Ave,Rockaway,NJ,07866-2147
1201 Hooper Ave,Toms River,NJ,08753-3392
260 Wayne Towne Center,Wayne,NJ,07470-6993
428 Woodbridge Center Dr,Woodbridge,NJ,07095-1394
6600 Menaul Blvd NE,Albuquerque,NM,87110-3439
10000 Coors Bypass NW,Albuquerque,NM,87114-4050
3939 S Carson St,Carson City,NV,89701
1312 W Sunset Rd,Henderson,NV,89014-6606
4485 S GRAND CANYON DR,LAS VEGAS,NV,89147
4400 Meadows Lane,Las Vegas,NV,89107-3196
5200 MEADOWOOD MALL CIR,RENO,NV,89502
120 Washington Ave Ext,Albany,NY,12203-5376
1303 Niagara Falls Blvd,Amherst,NY,14226-1185
1701 Sunrise Highway,Bay Shore,NY,11706-6081
6 McKinley Mall,Blasdell,NY,14219-2659
100 Baychester Ave,Bronx,NY,10475-4572
360 Gateway Dr,Brooklyn,NY,11239
3 Walden Galleria Dr,Cheektowaga,NY,14225-5424
22 Clifton Country Rd,Clifton Park,NY,12065-3810
92-59 59th Ave,Elmhurst,NY,11373-5018
630 Old Country Rd,Garden City,NY,11530-3600
231 GREECE RIDGE CTR DR,GREECE,NY,14626
3300 CHAMBERS RD STE 5090,HORSEHEADS,NY,14845
601-635 Harry L Dr Ste 99,Johnson City,NY,13790
1 N Galleria Drive,Middletown,NY,10941-3032
1 Sangertown Square,New Hartford,NY,13413-1597
100 W 32nd Street,New York,NY,10001
2001 South Rd (Route 9),Poughkeepsie,NY,12601-5978
25 MIRACLE MILE DR,ROCHESTER,NY,14623
140 Marsh Ave,Staten Island,NY,10314-5902
600 Eastview Mall,Victor,NY,14564-1002
4545 Transit Rd,Williamsville,NY,14221-6080
3742 BROOKWALL DRIVE STE 10,AKRON,OH,44333
1301 Center Rd,Avon,OH,44011-1211
2727 FAIRFIELD COMMONS BLVD,BEAVER CREEK,OH,45431
2700 Miamisburg-Centerville Rd,Centerville,OH,45459-3735
4621 EASTGATE BLVD,Cincinnati,OH,45245
9365 Fields Ertel Rd,Cincinnati,OH,45249-8302
3675 Stone Creek Blvd,Colerain Township,OH,45251-1459
1500 Polaris Parkway,Columbus,OH,43240-2040
5083 Tuttle Crossing Blvd,Dublin,OH,43016-1508
3459 Princeton Rd,Hamilton,OH,45011-7956
2400 Elida Rd,Lima,OH,45805-1223
3100 Main St,Maumee,OH,43537
7850 MENTOR AVE STE 930,MENTOR,OH,44060
5100 GREAT NORTHERN MALL,N OLMSTED,OH,44070
5555 Youngstown-Warren Rd,Niles,OH,44446
7900 Day Drive,Parma,OH,44129
4316 Milan Rd,Sandusky,OH,44870
5001 MONROE ST,TOLEDO,OH,43623
7401 Market Street,Youngstown,OH,44512-5694
200 SW C Ave,Lawton,OK,73501
7271 SE 29th St,Midwest City,OK,73110-6092
2400 S Service Rd,Moore,OK,73160-5504
1901 N.W. Expressway,Oklahoma City,OK,73118-1608
2501 W Memorial Rd,Oklahoma City,OK,73134-8099
9056 N 121st East Ave,Owasso,OK,74055-5315
6931 S Memorial Dr,Tulsa,OK,74133
4101 S Yale Ave,Tulsa,OK,74135
300 Valley River Center,Eugene,OR,97401-2151
12300 SE 82nd Ave,Portland,OR,97086-7788
9500 SW Washington Sq Rd,Portland,OR,97223-4429
305 Liberty St NE,Salem,OR,97301-3589
5580 Goods Ln,Altoona,PA,16602
5256 Route 30,Greensburg,PA,15601-6405
1155 Carlisle Street,HANOVER,PA,17331
4680 HIGH POINTE BLVD,HARRISBURG,PA,17111
560 Galleria Dr,Johnstown,PA,15904-8909
160 N Gulph Rd,King of Prussia,PA,19406-2990
400 PARK CITY S/C,Lancaster,PA,17601
2300 E Lincoln Hwy,Langhorne,PA,19047-1824
200 BEAVER VALLEY MALL,MONACA,PA,15061
500 Monroeville Mall,MONROEVILLE,PA,15146
300 Montgomery Mall,North Wales,PA,19454-3907
2000 Robinson Town Center,Pittsburgh,PA,15205-4810
80 Viewmont Mall,Scranton,PA,18508-1398
167 PITTSBURGH MILLS CIRCLE,TARENTUM,PA,15084
500 LEHIGH VALLEY MALL,Whitehall,PA,18052
34 Wyoming Valley Mall,Wilkes-Barre,PA,18702-6810
2500 West Morland Rd. Ste. A10,WILLOW GROVE,PA,19090
400 Bald Hill Rd,Warwick,RI,02886-1683
700 Haywood Rd,Greenville,SC,29607-2794
1800 Coastal Grand Cir,Myrtle Beach,SC,29577-9782
2150 Northwoods Blvd,N Charleston,SC,29406-4062
2321 DAVE LYLE BLVD,ROCK HILL,SC,29730
3200 W Empire Mall,Sioux Falls,SD,57106-6501
2100 Hamilton Place Blvd,Chattanooga,TN,37421-6049
11534 Parkside Dr,Farragut,TN,37934-1975
1780 Galleria Blvd,Franklin,TN,37067-2623
1000 RIVERGATE PKWY STE 3,Goodlettsville,TN,37072
2021 N Highland Ave Ste 15,Jackson,TN,38305
2011 N Roan St,Johnson City,TN,37601-3130
7600 Kingston Pike,Knoxville,TN,37919
7700 Polo Grounds Blvd,Memphis,TN,38125-5755
401 S MT JULIET RD STE 630,MT JULIET,TN,37122
1720 OLD FORT PARKWAY,MURFREESBORO,TN,37129
4310 Buffalo Gap Rd,Abilene,TX,79606
7701 W I-40,Amarillo,TX,79121-0600
3851 S Cooper St,Arlington,TX,76015-4120
2901 S CAPITOL OF TEXAS HWY,AUSTIN,TX,78746
9500 S IH-35 STE H,Austin,TX,78748
12351 N IH-35,AUSTIN,TX,78753
6455 Eastex Freeway,Beaumont,TX,77706-6784
2370 N Expwy Ste 2000,Brownsville,TX,78526-4500
877 NE ALSBURY BLVD,BURLESON,TX,76028
333 N Hwy 67,Cedar Hill,TX,75104-2134
11200 Lakeline Mall Dr,Cedar Park,TX,78613
1500 Harvey Rd,College Station,TX,77840
3165 Interstate 45 N,Conroe,TX,77304-5040
25646 Hwy 290,Cypress,TX,77429-1028
6051 Skillman St,Dallas,TX,75231-7720
2201 S Interstate 35 E,Denton,TX,76210
455 S BIBB ST,EAGLE PASS,TX,78852
419 E Trenton Rd,Edinburg,TX,78539-9150
8401 Gateway W,El Paso,TX,79925-5690
1950 Joe Battle Blvd,El Paso,TX,79938-2629
301 Stacy Rd,Fairview,TX,75069-1640
5751 Long Prairie Rd,Flower Mound,TX,75028-5619
3001 Texas Sage Trail,Fort Worth,TX,76177-8590
1900 Green Oaks Rd,Fort Worth,TX,76116-1703
100 Baybrook Mall,Friendswood,TX,77546-2707
2607 Preston Rd,Frisco,TX,75034-9434
2006 S Expressway 83,Harlingen,TX,78552-5999
5858 E Sam Houston Pkwy N,Houston,TX,77049-2500
300 MEMORIAL CITY WAY,HOUSTON,TX,77024
730 Meyerland Plaza Mall,Houston,TX,77096-1699
7925 FM 1960 Road West,Houston,TX,77070-5735
20131 HWY 59N STE 3000,Humble,TX,77338
1105 Melbourne Dr,Hurst,TX,76053-6211
23523 Grand Circle Blvd,Katy,TX,77449-4562
100 HWY 332 W STE 1260,LAKE JACKSON,TX,77566
5300 San Dario,Laredo,TX,78041-3000
2520 Gulf Fwy S,League City,TX,77573-6743
3550 MCCANN RD,LONGVIEW,TX,75605
6002 Slide Rd,Lubbock,TX,79414-8611
2200 S 10th St,McAllen,TX,78503-5478
6000 Town East Blvd,Mesquite,TX,75150-4152
4511 N MIDKIFF RD,Midland,TX,79705
215 Creekside Way,New Braunfels,TX,78130-6389
4101 E 42ND ST,Odessa,TX,79762
5120 FAIRMONT PKWY,PASADENA,TX,77505
2500 SMITH RANCH ROAD,PEARLAND,TX,77584
821 N CENTRAL EXPWY,PLANO,TX,75075
1015 E I 30,Rockwall,TX,75087
24201 Brazos Town Crossing,Rosenberg,TX,77471-6092
151 University Oaks,Round Rock,TX,78665-2431
5335 W Loop 1604 N,San Antonio,TX,78253-7300
6301 NW LOOP 410,San Antonio,TX,78238
7400 San Pedro Ave,San Antonio,TX,78216-5353
2418 SW Military Drive,San Antonio,TX,78224-1497
6909 N Loop 1604 E,San Antonio,TX,78266
17710 LA CANTERA PKWY,SAN ANTONIO,TX,78257
16529 Southwest Pkwy,Sugarland,TX,77479-2317
2400 RICHMOND RD STE 61,TEXARKANA,TX,75503
1201 LAKE WOODLANDS DR STE 500,The Woodlands,TX,77380
4401 S Broadway,Tyler,TX,75703-1398
8106 N Navarro St,Victoria,TX,77904-2698
6001 W Waco Dr,Waco,TX,76710
715 E Expressway 83,Weslaco,TX,78596-4539
3111 Midwestern Pkwy,Wichita Falls,TX,76308
1201 N. Hill Field Rd,Layton,UT,84041-2103
1200 Towne Centre Blvd,Provo,UT,84601-2996
3601 S 2700 W,Salt Lake City,UT,84119
10450 S STATE STE,SANDY,UT,84070
11552 S District Dr,South Jordan,UT,84095
1401 GREENBRIER PKWY STE 300,CHESAPEAKE,VA,23320
6 Southpark Mall,Colonial Heights,VA,23834-2962
11801 Fair Oaks Mall,Fairfax,VA,22033-3398
2071 Coliseum Dr,Hampton,VA,23666-3219
12300 JEFFERSON AVE STE 500,NEWPORT NEWS,VA,23602
11500 Midlothian Turnpike,Richmond,VA,23235-4761
4541 S Laburnum Ave,Richmond,VA,23231-2421
4832 Valley View Blvd Nw,Roanoke,VA,24012
6699 Springfield Mall,Springfield,VA,22150-1702
21030 DULLES TOWN CIR,Sterling,VA,20166
701 LYNN HAVEN PKWY,VIRGINIA BEACH,VA,23452
1850 Apple Blossom Dr,Winchester,VA,22601
2700 POTOMAC MILLS CIR,WOODBRIDGE,VA,22192
155 DORSET ST,South Burlington,VT,5403
1321 N Columbia Center Blvd,Kennewick,WA,99336-7658
18601 33rd Ave W,Lynnwood,WA,98037-4783
625 BLACK LAKE BLVD,OLYMPIA,WA,98502
3700 S Meridian St,Puyallup,WA,98373-3779
401 E. Northgate Way,Seattle,WA,98125-8514
1249 Southcenter Mall,Seattle,WA,98188-2825
PO Box 1070,Silverdale,WA,98383-1070
4730 N Division St,Spokane,WA,99207-1426
14730 E Indiana Ave,Spokane,WA,99216-1823
4502 S. Steele St.,Tacoma,WA,98409-7265
1600 East Washington Ave,UNION GAP,WA,98903
19005 SE Mill Plain Blvd,Vancouver,WA,98683-9316
8900 NE Vancouver Mall Dr,Vancouver,WA,98662-6499
1300 N Miller St,Wenatchee,WA,98801
800 WILLARD DRIVE,ASHWAUBENON,WI,54304
95 N MOORLAND RD,BROOKFIELD,WI,53005
3700 STATE RD 16,LA CROSSE,WI,54601
135 E Towne Mall,Madison,WI,53704
23 West Towne Mall,Madison,WI,53719-1087
N96W18515 County Line Rd,Menomonee Falls,WI,53051-7103
10225 77th St,Pleasant Prairie,WI,53158-1142
800 Mall Rd,Barboursville,WV,25504-1830
2500 Meadowbrook Mall,Bridgeport,WV,26330
401 Lee St,Charleston,WV,25301-1595
